id:ID(User);name
1;Alex
2;Alicia
3;Amber
4;Amelie
5;Andrew
6;Benjamin
7;Brandon
8;Caitlin
9;Cameron
10;Charles
11;Christopher
12;Connor
13;David
14;Dylan
15;Ethan
16;Freddie
17;Gabriel
18;Georgia
19;Isabel
20;Isabella
21;Jack
22;Jake
23;Jasmine
24;Jay
25;Jayden
26;Jessica
27;John
28;Joshua
29;Keira
30;Laura
31;Leon
32;Liam
33;Lilly
34;Lola
35;Lucas
36;Madison
37;Max
38;Michael
39;Mohammed
40;Niamh
41;Nicole
42;Noah
43;Rosie
44;Samuel
45;Sarah
46;Sean
47;Shannon
48;Sienna
49;Sophie
50;Summer
51;Thomas
52;Tyler
53;Zachary
